{
    "manufacturer": "Alabahuy",
    "keyboard_name": "EC 23",
    "maintainer": "Cipulot",
    "bootloader": "stm32-dfu",
    "build": {
        "lto": true
    },
    "qmk": {
        "locking": {
            "enabled": true,
            "resync": true
        }
    },
    "diode_direction": "COL2ROW",
    "features": {
        "bootmagic": false,
        "console": true,
        "extrakey": true,
        "mousekey": true,
        "nkro": true,
        "rgblight": true
    },
    "indicators": {
        "num_lock": "B14"
    },
    "processor": "STM32F401",
    "rgblight": {
        "led_count": 21,
        "animations": {
            "alternating": true,
            "breathing": true,
            "christmas": true,
            "knight": true,
            "rainbow_mood": true,
            "rainbow_swirl": true,
            "rgb_test": true,
            "snake": true,
            "static_gradient": true,
            "twinkle": true
        }
    },
    "ws2812": {
        "pin": "B5"
    },
    "url": "https://www.github.com/Cipulot/EC23U",
    "usb": {
        "device_version": "0.0.1",
        "pid": "0x6B95",
        "shared_endpoint": {
            "keyboard": true
        },
        "vid": "0x6369"
    },
    "layouts": {
        "LAYOUT_ortho_2x3": {
            "layout": [
                {"label": "0,0", "matrix": [0, 0], "x": 0, "y": 0},
                {"label": "0,1", "matrix": [0, 1], "x": 0, "y": 1},
                {"label": "0,2", "matrix": [0, 2], "x": 0, "y": 2},
                {"label": "1,0", "matrix": [1, 0], "x": 1, "y": 0},
                {"label": "1,1", "matrix": [1, 1], "x": 1, "y": 1},
                {"label": "1,2", "matrix": [1, 2], "x": 1, "y": 2}
            ]
        }
    }
}
